{
    "$schema": "http://schema.management.azure.com/schemas/2015-01-01/deploymentTemplate.json#",
    "contentVersion": "1.0.0.0",
    "parameters": {
        "factoryName": {
            "type": "string",
            "metadata": "Data Factory name",
            "defaultValue": "bu310challenge1df"
        }
    },
    "variables": {
        "factoryId": "[concat('Microsoft.DataFactory/factories/', parameters('factoryName'))]"
    },
    "resources": [
        {
            "name": "[concat(parameters('factoryName'), '/SQLDates')]",
            "type": "Microsoft.DataFactory/factories/datasets",
            "apiVersion": "2018-06-01",
            "properties": {
                "linkedServiceName": {
                    "referenceName": "AzureDataLakeStorage1",
                    "type": "LinkedServiceReference"
                },
                "annotations": [],
                "type": "Parquet",
                "typeProperties": {
                    "location": {
                        "type": "AzureBlobFSLocation",
                        "fileName": "dbo.Dates.parquet",
                        "fileSystem": "countriessqldb"
                    },
                    "compressionCodec": "snappy"
                },
                "schema": [
                    {
                        "name": "DateKey",
                        "type": "INT32"
                    },
                    {
                        "name": "FullDate",
                        "type": "DATE"
                    },
                    {
                        "name": "isWeekDay",
                        "type": "BOOLEAN"
                    },
                    {
                        "name": "DayOfWeek",
                        "type": "INT32"
                    },
                    {
                        "name": "DayOfMonth",
                        "type": "INT32"
                    },
                    {
                        "name": "DayOfQuarter",
                        "type": "INT32"
                    },
                    {
                        "name": "DayOfYear",
                        "type": "INT32"
                    },
                    {
                        "name": "DayName",
                        "type": "UTF8"
                    },
                    {
                        "name": "WeekOfYear",
                        "type": "INT32"
                    },
                    {
                        "name": "WeekName",
                        "type": "UTF8"
                    },
                    {
                        "name": "MonthOfYear",
                        "type": "INT32"
                    },
                    {
                        "name": "MonthName",
                        "type": "UTF8"
                    },
                    {
                        "name": "CalendarQuarter",
                        "type": "INT32"
                    },
                    {
                        "name": "CalendarQuarterName",
                        "type": "UTF8"
                    },
                    {
                        "name": "CalendarYear",
                        "type": "INT32"
                    },
                    {
                        "name": "FiscalMonth",
                        "type": "INT32"
                    },
                    {
                        "name": "FiscalMonthName",
                        "type": "UTF8"
                    },
                    {
                        "name": "FiscalQuarter",
                        "type": "INT32"
                    },
                    {
                        "name": "FiscalQuarterName",
                        "type": "UTF8"
                    },
                    {
                        "name": "FiscalYear",
                        "type": "INT32"
                    }
                ]
            },
            "dependsOn": []
        },
        {
            "name": "[concat(parameters('factoryName'), '/GeographicParquet')]",
            "type": "Microsoft.DataFactory/factories/datasets",
            "apiVersion": "2018-06-01",
            "properties": {
                "linkedServiceName": {
                    "referenceName": "AzureDataLakeStorage3",
                    "type": "LinkedServiceReference"
                },
                "annotations": [],
                "type": "Parquet",
                "typeProperties": {
                    "location": {
                        "type": "AzureBlobFSLocation",
                        "fileSystem": "ods"
                    },
                    "compressionCodec": "snappy"
                },
                "schema": []
            },
            "dependsOn": []
        },
        {
            "name": "[concat(parameters('factoryName'), '/SQLCountry')]",
            "type": "Microsoft.DataFactory/factories/datasets",
            "apiVersion": "2018-06-01",
            "properties": {
                "linkedServiceName": {
                    "referenceName": "AzureDataLakeStorage1",
                    "type": "LinkedServiceReference"
                },
                "annotations": [],
                "type": "Parquet",
                "typeProperties": {
                    "location": {
                        "type": "AzureBlobFSLocation",
                        "fileName": "dbo.Country.parquet",
                        "fileSystem": "countriessqldb"
                    },
                    "compressionCodec": "snappy"
                },
                "schema": [
                    {
                        "name": "Country",
                        "type": "UTF8"
                    },
                    {
                        "name": "CountryCode",
                        "type": "UTF8"
                    },
                    {
                        "name": "Latitude",
                        "type": "DECIMAL",
                        "precision": 10,
                        "scale": 5
                    },
                    {
                        "name": "Longitude",
                        "type": "DECIMAL",
                        "precision": 10,
                        "scale": 5
                    }
                ]
            },
            "dependsOn": []
        },
        {
            "name": "[concat(parameters('factoryName'), '/SQLCovid_Metric')]",
            "type": "Microsoft.DataFactory/factories/datasets",
            "apiVersion": "2018-06-01",
            "properties": {
                "linkedServiceName": {
                    "referenceName": "AzureDataLakeStorage1",
                    "type": "LinkedServiceReference"
                },
                "annotations": [],
                "type": "Parquet",
                "typeProperties": {
                    "location": {
                        "type": "AzureBlobFSLocation",
                        "fileName": "dbo.Covid19_Metrics.parquet",
                        "fileSystem": "countriessqldb"
                    },
                    "compressionCodec": "snappy"
                },
                "schema": [
                    {
                        "name": "ID",
                        "type": "INT32"
                    },
                    {
                        "name": "Updated",
                        "type": "DATE"
                    },
                    {
                        "name": "Confirmed",
                        "type": "INT32"
                    },
                    {
                        "name": "Confirmed_Change",
                        "type": "INT32"
                    },
                    {
                        "name": "Deaths",
                        "type": "INT32"
                    },
                    {
                        "name": "Deaths_Change",
                        "type": "INT32"
                    },
                    {
                        "name": "Recovered",
                        "type": "INT32"
                    },
                    {
                        "name": "Recovered_Change",
                        "type": "INT32"
                    },
                    {
                        "name": "Latitude",
                        "type": "DECIMAL",
                        "precision": 10,
                        "scale": 5
                    },
                    {
                        "name": "Longitude",
                        "type": "DECIMAL",
                        "precision": 10,
                        "scale": 5
                    },
                    {
                        "name": "ISO2",
                        "type": "UTF8"
                    },
                    {
                        "name": "ISO3",
                        "type": "UTF8"
                    },
                    {
                        "name": "Country_Region",
                        "type": "UTF8"
                    },
                    {
                        "name": "load_time",
                        "type": "INT96"
                    }
                ]
            },
            "dependsOn": []
        },
        {
            "name": "[concat(parameters('factoryName'), '/DatesParquet')]",
            "type": "Microsoft.DataFactory/factories/datasets",
            "apiVersion": "2018-06-01",
            "properties": {
                "linkedServiceName": {
                    "referenceName": "AzureDataLakeStorage3",
                    "type": "LinkedServiceReference"
                },
                "annotations": [],
                "type": "Parquet",
                "typeProperties": {
                    "location": {
                        "type": "AzureBlobFSLocation",
                        "fileSystem": "ods"
                    },
                    "compressionCodec": "snappy"
                },
                "schema": []
            },
            "dependsOn": []
        },
        {
            "name": "[concat(parameters('factoryName'), '/PolicyParquet')]",
            "type": "Microsoft.DataFactory/factories/datasets",
            "apiVersion": "2018-06-01",
            "properties": {
                "linkedServiceName": {
                    "referenceName": "AzureDataLakeStorage3",
                    "type": "LinkedServiceReference"
                },
                "annotations": [],
                "type": "Parquet",
                "typeProperties": {
                    "location": {
                        "type": "AzureBlobFSLocation",
                        "fileSystem": "ods"
                    },
                    "compressionCodec": "snappy"
                },
                "schema": []
            },
            "dependsOn": []
        },
        {
            "name": "[concat(parameters('factoryName'), '/Parquet1')]",
            "type": "Microsoft.DataFactory/factories/datasets",
            "apiVersion": "2018-06-01",
            "properties": {
                "linkedServiceName": {
                    "referenceName": "AzureDataLakeStorage3",
                    "type": "LinkedServiceReference"
                },
                "annotations": [],
                "type": "Parquet",
                "typeProperties": {
                    "location": {
                        "type": "AzureBlobFSLocation",
                        "fileSystem": "ods"
                    },
                    "compressionCodec": "snappy"
                },
                "schema": []
            },
            "dependsOn": []
        },
        {
            "name": "[concat(parameters('factoryName'), '/Parquet3')]",
            "type": "Microsoft.DataFactory/factories/datasets",
            "apiVersion": "2018-06-01",
            "properties": {
                "linkedServiceName": {
                    "referenceName": "AzureDataLakeStorage3",
                    "type": "LinkedServiceReference"
                },
                "annotations": [],
                "type": "Parquet",
                "typeProperties": {
                    "location": {
                        "type": "AzureBlobFSLocation",
                        "fileSystem": "ods"
                    },
                    "compressionCodec": "snappy"
                },
                "schema": []
            },
            "dependsOn": []
        },
        {
            "name": "[concat(parameters('factoryName'), '/Parquet2')]",
            "type": "Microsoft.DataFactory/factories/datasets",
            "apiVersion": "2018-06-01",
            "properties": {
                "linkedServiceName": {
                    "referenceName": "AzureDataLakeStorage3",
                    "type": "LinkedServiceReference"
                },
                "annotations": [],
                "type": "Parquet",
                "typeProperties": {
                    "location": {
                        "type": "AzureBlobFSLocation",
                        "fileSystem": "ods"
                    },
                    "compressionCodec": "snappy"
                },
                "schema": []
            },
            "dependsOn": []
        },
        {
            "name": "[concat(parameters('factoryName'), '/Challenge2_VM')]",
            "type": "Microsoft.DataFactory/factories/dataflows",
            "apiVersion": "2018-06-01",
            "properties": {
                "type": "MappingDataFlow",
                "typeProperties": {
                    "sources": [
                        {
                            "dataset": {
                                "referenceName": "SQLCovid_Metric",
                                "type": "DatasetReference"
                            },
                            "name": "source1"
                        },
                        {
                            "dataset": {
                                "referenceName": "vmParquetMetrics",
                                "type": "DatasetReference"
                            },
                            "name": "source2"
                        }
                    ],
                    "sinks": [
                        {
                            "dataset": {
                                "referenceName": "Parquet1",
                                "type": "DatasetReference"
                            },
                            "name": "sink1"
                        },
                        {
                            "dataset": {
                                "referenceName": "Parquet2",
                                "type": "DatasetReference"
                            },
                            "name": "sink2"
                        },
                        {
                            "dataset": {
                                "referenceName": "Parquet3",
                                "type": "DatasetReference"
                            },
                            "name": "sink3"
                        }
                    ],
                    "transformations": [
                        {
                            "name": "union1"
                        },
                        {
                            "name": "select2"
                        },
                        {
                            "name": "select3"
                        },
                        {
                            "name": "select4"
                        }
                    ],
                    "scriptLines": [
                        "source(output(",
                        "          ID as integer,",
                        "          Updated as date,",
                        "          Confirmed as integer,",
                        "          Confirmed_Change as integer,",
                        "          Deaths as integer,",
                        "          Deaths_Change as integer,",
                        "          Recovered as integer,",
                        "          Recovered_Change as integer,",
                        "          Latitude as decimal(10,5),",
                        "          Longitude as decimal(10,5),",
                        "          ISO2 as string,",
                        "          ISO3 as string,",
                        "          Country_Region as string,",
                        "          load_time as timestamp",
                        "     ),",
                        "     allowSchemaDrift: true,",
                        "     validateSchema: false,",
                        "     ignoreNoFilesFound: false,",
                        "     format: 'parquet') ~> source1",
                        "source(output(",
                        "          ID as integer,",
                        "          Updated as date,",
                        "          Confirmed as integer,",
                        "          Confirmed_Change as integer,",
                        "          Deaths as integer,",
                        "          Deaths_Change as integer,",
                        "          Recovered as integer,",
                        "          Recovered_Change as integer,",
                        "          Latitude as decimal(10,5),",
                        "          Longitude as decimal(10,5),",
                        "          ISO2 as string,",
                        "          ISO3 as string,",
                        "          Country_Region as string,",
                        "          load_time as timestamp",
                        "     ),",
                        "     allowSchemaDrift: true,",
                        "     validateSchema: false,",
                        "     ignoreNoFilesFound: false,",
                        "     format: 'parquet') ~> source2",
                        "source1, source2 union(byName: true)~> union1",
                        "union1 select(mapColumn(",
                        "          ID,",
                        "          Updated,",
                        "          Recovered,",
                        "          Recovered_Change,",
                        "          Latitude,",
                        "          Longitude,",
                        "          ISO2,",
                        "          ISO3,",
                        "          Country_Region,",
                        "          load_time",
                        "     ),",
                        "     skipDuplicateMapInputs: true,",
                        "     skipDuplicateMapOutputs: true) ~> select2",
                        "union1 select(mapColumn(",
                        "          ID,",
                        "          Updated,",
                        "          Deaths,",
                        "          Deaths_Change,",
                        "          Latitude,",
                        "          Longitude,",
                        "          ISO2,",
                        "          ISO3,",
                        "          Country_Region,",
                        "          load_time",
                        "     ),",
                        "     skipDuplicateMapInputs: true,",
                        "     skipDuplicateMapOutputs: true) ~> select3",
                        "union1 select(mapColumn(",
                        "          ID,",
                        "          Updated,",
                        "          Confirmed,",
                        "          Confirmed_Change,",
                        "          Latitude,",
                        "          Longitude,",
                        "          ISO2,",
                        "          ISO3,",
                        "          Country_Region,",
                        "          load_time",
                        "     ),",
                        "     skipDuplicateMapInputs: true,",
                        "     skipDuplicateMapOutputs: true) ~> select4",
                        "select4 sink(allowSchemaDrift: true,",
                        "     validateSchema: false,",
                        "     format: 'parquet',",
                        "     partitionFileNames:['Recoveries'],",
                        "     umask: 0022,",
                        "     preCommands: [],",
                        "     postCommands: [],",
                        "     skipDuplicateMapInputs: true,",
                        "     skipDuplicateMapOutputs: true,",
                        "     partitionBy('hash', 1)) ~> sink1",
                        "select3 sink(allowSchemaDrift: true,",
                        "     validateSchema: false,",
                        "     format: 'parquet',",
                        "     partitionFileNames:['Deaths'],",
                        "     umask: 0022,",
                        "     preCommands: [],",
                        "     postCommands: [],",
                        "     skipDuplicateMapInputs: true,",
                        "     skipDuplicateMapOutputs: true,",
                        "     partitionBy('hash', 1)) ~> sink2",
                        "select2 sink(allowSchemaDrift: true,",
                        "     validateSchema: false,",
                        "     format: 'parquet',",
                        "     partitionFileNames:['Cases'],",
                        "     umask: 0022,",
                        "     preCommands: [],",
                        "     postCommands: [],",
                        "     skipDuplicateMapInputs: true,",
                        "     skipDuplicateMapOutputs: true,",
                        "     partitionBy('hash', 1)) ~> sink3"
                    ]
                }
            },
            "dependsOn": [
                "[concat(variables('factoryId'), '/datasets/SQLCovid_Metric')]",
                "[concat(variables('factoryId'), '/datasets/Parquet1')]",
                "[concat(variables('factoryId'), '/datasets/Parquet2')]",
                "[concat(variables('factoryId'), '/datasets/Parquet3')]"
            ]
        },
        {
            "name": "[concat(parameters('factoryName'), '/Challenge2_Country')]",
            "type": "Microsoft.DataFactory/factories/dataflows",
            "apiVersion": "2018-06-01",
            "properties": {
                "type": "MappingDataFlow",
                "typeProperties": {
                    "sources": [
                        {
                            "dataset": {
                                "referenceName": "SQLCountry",
                                "type": "DatasetReference"
                            },
                            "name": "source1"
                        }
                    ],
                    "sinks": [
                        {
                            "dataset": {
                                "referenceName": "GeographicParquet",
                                "type": "DatasetReference"
                            },
                            "name": "sink1"
                        }
                    ],
                    "transformations": [],
                    "scriptLines": [
                        "source(output(",
                        "          Country as string,",
                        "          CountryCode as string,",
                        "          Latitude as decimal(10,5),",
                        "          Longitude as decimal(10,5)",
                        "     ),",
                        "     allowSchemaDrift: true,",
                        "     validateSchema: false,",
                        "     ignoreNoFilesFound: false,",
                        "     format: 'parquet') ~> source1",
                        "source1 sink(allowSchemaDrift: true,",
                        "     validateSchema: false,",
                        "     format: 'parquet',",
                        "     partitionFileNames:['Geography'],",
                        "     umask: 0022,",
                        "     preCommands: [],",
                        "     postCommands: [],",
                        "     skipDuplicateMapInputs: true,",
                        "     skipDuplicateMapOutputs: true,",
                        "     partitionBy('hash', 1)) ~> sink1"
                    ]
                }
            },
            "dependsOn": [
                "[concat(variables('factoryId'), '/datasets/SQLCountry')]",
                "[concat(variables('factoryId'), '/datasets/GeographicParquet')]"
            ]
        },
        {
            "name": "[concat(parameters('factoryName'), '/Challenge2_Date')]",
            "type": "Microsoft.DataFactory/factories/dataflows",
            "apiVersion": "2018-06-01",
            "properties": {
                "type": "MappingDataFlow",
                "typeProperties": {
                    "sources": [
                        {
                            "dataset": {
                                "referenceName": "SQLDates",
                                "type": "DatasetReference"
                            },
                            "name": "source1"
                        }
                    ],
                    "sinks": [
                        {
                            "dataset": {
                                "referenceName": "DatesParquet",
                                "type": "DatasetReference"
                            },
                            "name": "sink1"
                        }
                    ],
                    "transformations": [],
                    "scriptLines": [
                        "source(output(",
                        "          DateKey as integer,",
                        "          FullDate as date,",
                        "          isWeekDay as boolean,",
                        "          DayOfWeek as integer,",
                        "          DayOfMonth as integer,",
                        "          DayOfQuarter as integer,",
                        "          DayOfYear as integer,",
                        "          DayName as string,",
                        "          WeekOfYear as integer,",
                        "          WeekName as string,",
                        "          MonthOfYear as integer,",
                        "          MonthName as string,",
                        "          CalendarQuarter as integer,",
                        "          CalendarQuarterName as string,",
                        "          CalendarYear as integer,",
                        "          FiscalMonth as integer,",
                        "          FiscalMonthName as string,",
                        "          FiscalQuarter as integer,",
                        "          FiscalQuarterName as string,",
                        "          FiscalYear as integer",
                        "     ),",
                        "     allowSchemaDrift: true,",
                        "     validateSchema: false,",
                        "     ignoreNoFilesFound: false,",
                        "     format: 'parquet') ~> source1",
                        "source1 sink(allowSchemaDrift: true,",
                        "     validateSchema: false,",
                        "     format: 'parquet',",
                        "     partitionFileNames:['Dates'],",
                        "     umask: 0022,",
                        "     preCommands: [],",
                        "     postCommands: [],",
                        "     skipDuplicateMapInputs: true,",
                        "     skipDuplicateMapOutputs: true,",
                        "     partitionBy('hash', 1)) ~> sink1"
                    ]
                }
            },
            "dependsOn": [
                "[concat(variables('factoryId'), '/datasets/SQLDates')]",
                "[concat(variables('factoryId'), '/datasets/DatesParquet')]"
            ]
        },
        {
            "name": "[concat(parameters('factoryName'), '/Challenge2_Policy')]",
            "type": "Microsoft.DataFactory/factories/dataflows",
            "apiVersion": "2018-06-01",
            "properties": {
                "type": "MappingDataFlow",
                "typeProperties": {
                    "sources": [
                        {
                            "dataset": {
                                "referenceName": "cosmosdb",
                                "type": "DatasetReference"
                            },
                            "name": "source1"
                        }
                    ],
                    "sinks": [
                        {
                            "dataset": {
                                "referenceName": "PolicyParquet",
                                "type": "DatasetReference"
                            },
                            "name": "sink1"
                        }
                    ],
                    "transformations": [],
                    "scriptLines": [
                        "source(output(",
                        "          CountryName as string,",
                        "          CountryCode as string,",
                        "          RegionName as string,",
                        "          RegionCode as string,",
                        "          Jurisdiction as string,",
                        "          Date as string,",
                        "          C1_School_closing as double,",
                        "          C1_Flag as double,",
                        "          C2_Workplace_closing as double,",
                        "          C2_Flag as double,",
                        "          C3_Cancel_public_events as double,",
                        "          C3_Flag as double,",
                        "          C4_Restrictions_on_gatherings as double,",
                        "          C4_Flag as double,",
                        "          C5_Close_public_transport as double,",
                        "          C5_Flag as double,",
                        "          C6_Stay_at_home_requirements as double,",
                        "          C6_Flag as double,",
                        "          C7_Restrictions_on_internal_movement as double,",
                        "          C7_Flag as double,",
                        "          C8_International_travel_controls as double,",
                        "          E1_Income_support as double,",
                        "          E1_Flag as double,",
                        "          E2_Debt_contract_relief as double,",
                        "          E3_Fiscal_measures as double,",
                        "          E4_International_support as double,",
                        "          H1_Public_information_campaigns as double,",
                        "          H1_Flag as double,",
                        "          H2_Testing_policy as double,",
                        "          H3_Contact_tracing as double,",
                        "          H4_Emergency_investment_in_healthcare as double,",
                        "          H5_Investment_in_vaccines as double,",
                        "          H6_Facial_Coverings as double,",
                        "          H6_Flag as double,",
                        "          H7_Vaccination_policy as double,",
                        "          H7_Flag as double,",
                        "          H8_Protection_of_elderly_people as long,",
                        "          H8_Flag as double,",
                        "          M1_Wildcard as double,",
                        "          StringencyIndex as string,",
                        "          StringencyIndexForDisplay as string,",
                        "          StringencyLegacyIndex as string,",
                        "          StringencyLegacyIndexForDisplay as string,",
                        "          GovernmentResponseIndex as double,",
                        "          GovernmentResponseIndexForDisplay as double,",
                        "          ContainmentHealthIndex as double,",
                        "          ContainmentHealthIndexForDisplay as double,",
                        "          EconomicSupportIndex as double,",
                        "          EconomicSupportIndexForDisplay as double,",
                        "          id as string",
                        "     ),",
                        "     allowSchemaDrift: true,",
                        "     validateSchema: false,",
                        "     ignoreNoFilesFound: false,",
                        "     format: 'parquet') ~> source1",
                        "source1 sink(allowSchemaDrift: true,",
                        "     validateSchema: false,",
                        "     format: 'parquet',",
                        "     partitionFileNames:['Policy'],",
                        "     umask: 0022,",
                        "     preCommands: [],",
                        "     postCommands: [],",
                        "     skipDuplicateMapInputs: true,",
                        "     skipDuplicateMapOutputs: true,",
                        "     partitionBy('hash', 1)) ~> sink1"
                    ]
                }
            },
            "dependsOn": [
                "[concat(variables('factoryId'), '/datasets/PolicyParquet')]"
            ]
        },
        {
            "name": "[concat(parameters('factoryName'), '/sqlServerTableCountry')]",
            "type": "Microsoft.DataFactory/factories/datasets",
            "apiVersion": "2018-06-01",
            "properties": {
                "linkedServiceName": {
                    "referenceName": "SqlServer1",
                    "type": "LinkedServiceReference"
                },
                "annotations": [],
                "type": "SqlServerTable",
                "schema": [
                    {
                        "name": "Country",
                        "type": "varchar"
                    },
                    {
                        "name": "CountryCode",
                        "type": "varchar"
                    },
                    {
                        "name": "Latitude",
                        "type": "decimal",
                        "precision": 10,
                        "scale": 5
                    },
                    {
                        "name": "Longitude",
                        "type": "decimal",
                        "precision": 10,
                        "scale": 5
                    }
                ],
                "typeProperties": {
                    "schema": "dbo",
                    "table": "Country"
                }
            },
            "dependsOn": []
        },
        {
            "name": "[concat(parameters('factoryName'), '/sqlServerTableMetrics')]",
            "type": "Microsoft.DataFactory/factories/datasets",
            "apiVersion": "2018-06-01",
            "properties": {
                "linkedServiceName": {
                    "referenceName": "SqlServer1",
                    "type": "LinkedServiceReference"
                },
                "annotations": [],
                "type": "SqlServerTable",
                "schema": [
                    {
                        "name": "ID",
                        "type": "int",
                        "precision": 10
                    },
                    {
                        "name": "Updated",
                        "type": "date"
                    },
                    {
                        "name": "Confirmed",
                        "type": "int",
                        "precision": 10
                    },
                    {
                        "name": "Confirmed_Change",
                        "type": "int",
                        "precision": 10
                    },
                    {
                        "name": "Deaths",
                        "type": "int",
                        "precision": 10
                    },
                    {
                        "name": "Deaths_Change",
                        "type": "int",
                        "precision": 10
                    },
                    {
                        "name": "Recovered",
                        "type": "int",
                        "precision": 10
                    },
                    {
                        "name": "Recovered_Change",
                        "type": "int",
                        "precision": 10
                    },
                    {
                        "name": "Latitude",
                        "type": "decimal",
                        "precision": 10,
                        "scale": 5
                    },
                    {
                        "name": "Longitude",
                        "type": "decimal",
                        "precision": 10,
                        "scale": 5
                    },
                    {
                        "name": "ISO2",
                        "type": "varchar"
                    },
                    {
                        "name": "ISO3",
                        "type": "varchar"
                    },
                    {
                        "name": "Country_Region",
                        "type": "varchar"
                    },
                    {
                        "name": "load_time",
                        "type": "datetime",
                        "precision": 23,
                        "scale": 3
                    }
                ],
                "typeProperties": {
                    "schema": "dbo",
                    "table": "Covid19_Metrics"
                }
            },
            "dependsOn": []
        },
        {
            "name": "[concat(parameters('factoryName'), '/sqlServerTableDates')]",
            "type": "Microsoft.DataFactory/factories/datasets",
            "apiVersion": "2018-06-01",
            "properties": {
                "linkedServiceName": {
                    "referenceName": "SqlServer1",
                    "type": "LinkedServiceReference"
                },
                "annotations": [],
                "type": "SqlServerTable",
                "schema": [
                    {
                        "name": "DateKey",
                        "type": "int",
                        "precision": 10
                    },
                    {
                        "name": "FullDate",
                        "type": "date"
                    },
                    {
                        "name": "isWeekDay",
                        "type": "bit"
                    },
                    {
                        "name": "DayOfWeek",
                        "type": "int",
                        "precision": 10
                    },
                    {
                        "name": "DayOfMonth",
                        "type": "int",
                        "precision": 10
                    },
                    {
                        "name": "DayOfQuarter",
                        "type": "int",
                        "precision": 10
                    },
                    {
                        "name": "DayOfYear",
                        "type": "int",
                        "precision": 10
                    },
                    {
                        "name": "DayName",
                        "type": "varchar"
                    },
                    {
                        "name": "WeekOfYear",
                        "type": "int",
                        "precision": 10
                    },
                    {
                        "name": "WeekName",
                        "type": "varchar"
                    },
                    {
                        "name": "MonthOfYear",
                        "type": "int",
                        "precision": 10
                    },
                    {
                        "name": "MonthName",
                        "type": "varchar"
                    },
                    {
                        "name": "CalendarQuarter",
                        "type": "int",
                        "precision": 10
                    },
                    {
                        "name": "CalendarQuarterName",
                        "type": "varchar"
                    },
                    {
                        "name": "CalendarYear",
                        "type": "int",
                        "precision": 10
                    },
                    {
                        "name": "FiscalMonth",
                        "type": "int",
                        "precision": 10
                    },
                    {
                        "name": "FiscalMonthName",
                        "type": "varchar"
                    },
                    {
                        "name": "FiscalQuarter",
                        "type": "int",
                        "precision": 10
                    },
                    {
                        "name": "FiscalQuarterName",
                        "type": "varchar"
                    },
                    {
                        "name": "FiscalYear",
                        "type": "int",
                        "precision": 10
                    }
                ],
                "typeProperties": {
                    "schema": "dbo",
                    "table": "Dates"
                }
            },
            "dependsOn": []
        },
        {
            "name": "[concat(parameters('factoryName'), '/Challenge1_AzureSQL')]",
            "type": "Microsoft.DataFactory/factories/pipelines",
            "apiVersion": "2018-06-01",
            "properties": {
                "activities": [
                    {
                        "name": "Copy data1",
                        "type": "Copy",
                        "dependsOn": [],
                        "policy": {
                            "timeout": "0.12:00:00",
                            "retry": 0,
                            "retryIntervalInSeconds": 30,
                            "secureOutput": false,
                            "secureInput": false
                        },
                        "userProperties": [],
                        "typeProperties": {
                            "source": {
                                "type": "AzureSqlSource",
                                "queryTimeout": "02:00:00",
                                "partitionOption": "None"
                            },
                            "sink": {
                                "type": "ParquetSink",
                                "storeSettings": {
                                    "type": "AzureBlobFSWriteSettings"
                                },
                                "formatSettings": {
                                    "type": "ParquetWriteSettings"
                                }
                            },
                            "enableStaging": false,
                            "translator": {
                                "type": "TabularTranslator",
                                "typeConversion": true,
                                "typeConversionSettings": {
                                    "allowDataTruncation": true,
                                    "treatBooleanAsNumber": false
                                }
                            }
                        },
                        "inputs": [
                            {
                                "referenceName": "AzureSqlTable1",
                                "type": "DatasetReference",
                                "parameters": {}
                            }
                        ],
                        "outputs": [
                            {
                                "referenceName": "SQLCountry",
                                "type": "DatasetReference",
                                "parameters": {}
                            }
                        ]
                    },
                    {
                        "name": "Copy data2",
                        "type": "Copy",
                        "dependsOn": [],
                        "policy": {
                            "timeout": "0.12:00:00",
                            "retry": 0,
                            "retryIntervalInSeconds": 30,
                            "secureOutput": false,
                            "secureInput": false
                        },
                        "userProperties": [],
                        "typeProperties": {
                            "source": {
                                "type": "AzureSqlSource",
                                "queryTimeout": "02:00:00",
                                "partitionOption": "None"
                            },
                            "sink": {
                                "type": "ParquetSink",
                                "storeSettings": {
                                    "type": "AzureBlobFSWriteSettings"
                                },
                                "formatSettings": {
                                    "type": "ParquetWriteSettings"
                                }
                            },
                            "enableStaging": false,
                            "translator": {
                                "type": "TabularTranslator",
                                "typeConversion": true,
                                "typeConversionSettings": {
                                    "allowDataTruncation": true,
                                    "treatBooleanAsNumber": false
                                }
                            }
                        },
                        "inputs": [
                            {
                                "referenceName": "AzureSqlTable2",
                                "type": "DatasetReference",
                                "parameters": {}
                            }
                        ],
                        "outputs": [
                            {
                                "referenceName": "SQLCovid_Metric",
                                "type": "DatasetReference",
                                "parameters": {}
                            }
                        ]
                    },
                    {
                        "name": "Copy data3",
                        "type": "Copy",
                        "dependsOn": [],
                        "policy": {
                            "timeout": "0.12:00:00",
                            "retry": 0,
                            "retryIntervalInSeconds": 30,
                            "secureOutput": false,
                            "secureInput": false
                        },
                        "userProperties": [],
                        "typeProperties": {
                            "source": {
                                "type": "AzureSqlSource",
                                "queryTimeout": "02:00:00",
                                "partitionOption": "None"
                            },
                            "sink": {
                                "type": "ParquetSink",
                                "storeSettings": {
                                    "type": "AzureBlobFSWriteSettings"
                                },
                                "formatSettings": {
                                    "type": "ParquetWriteSettings"
                                }
                            },
                            "enableStaging": false,
                            "translator": {
                                "type": "TabularTranslator",
                                "typeConversion": true,
                                "typeConversionSettings": {
                                    "allowDataTruncation": true,
                                    "treatBooleanAsNumber": false
                                }
                            }
                        },
                        "inputs": [
                            {
                                "referenceName": "AzureSqlTable3",
                                "type": "DatasetReference",
                                "parameters": {}
                            }
                        ],
                        "outputs": [
                            {
                                "referenceName": "SQLDates",
                                "type": "DatasetReference",
                                "parameters": {}
                            }
                        ]
                    }
                ],
                "policy": {
                    "elapsedTimeMetric": {}
                },
                "annotations": [],
                "lastPublishTime": "2024-04-08T20:15:52Z"
            },
            "dependsOn": [
                "[concat(variables('factoryId'), '/datasets/SQLCountry')]",
                "[concat(variables('factoryId'), '/datasets/SQLCovid_Metric')]",
                "[concat(variables('factoryId'), '/datasets/SQLDates')]"
            ]
        },
        {
            "name": "[concat(parameters('factoryName'), '/Challenge1_CosmosDB')]",
            "type": "Microsoft.DataFactory/factories/pipelines",
            "apiVersion": "2018-06-01",
            "properties": {
                "activities": [
                    {
                        "name": "Copy data1",
                        "type": "Copy",
                        "dependsOn": [],
                        "policy": {
                            "timeout": "0.12:00:00",
                            "retry": 0,
                            "retryIntervalInSeconds": 30,
                            "secureOutput": false,
                            "secureInput": false
                        },
                        "userProperties": [],
                        "typeProperties": {
                            "source": {
                                "type": "CosmosDbSqlApiSource",
                                "preferredRegions": []
                            },
                            "sink": {
                                "type": "ParquetSink",
                                "storeSettings": {
                                    "type": "AzureBlobFSWriteSettings"
                                },
                                "formatSettings": {
                                    "type": "ParquetWriteSettings"
                                }
                            },
                            "enableStaging": false,
                            "translator": {
                                "type": "TabularTranslator",
                                "mappings": [
                                    {
                                        "source": {
                                            "path": "$['CountryName']"
                                        },
                                        "sink": {
                                            "name": "CountryName",
                                            "type": "String"
                                        }
                                    },
                                    {
                                        "source": {
                                            "path": "$['CountryCode']"
                                        },
                                        "sink": {
                                            "name": "CountryCode"
                                        }
                                    },
                                    {
                                        "source": {
                                            "path": "$['RegionName']"
                                        },
                                        "sink": {
                                            "name": "RegionName",
                                            "type": "String"
                                        }
                                    },
                                    {
                                        "source": {
                                            "path": "$['RegionCode']"
                                        },
                                        "sink": {
                                            "name": "RegionCode",
                                            "type": "String"
                                        }
                                    },
                                    {
                                        "source": {
                                            "path": "$['Jurisdiction']"
                                        },
                                        "sink": {
                                            "name": "Jurisdiction"
                                        }
                                    },
                                    {
                                        "source": {
                                            "path": "$['Date']"
                                        },
                                        "sink": {
                                            "name": "Date",
                                            "type": "String"
                                        }
                                    },
                                    {
                                        "source": {
                                            "path": "$['C1_School closing']"
                                        },
                                        "sink": {
                                            "name": "C1_School_closing",
                                            "type": "Double"
                                        }
                                    },
                                    {
                                        "source": {
                                            "path": "$['C1_Flag']"
                                        },
                                        "sink": {
                                            "name": "C1_Flag",
                                            "type": "Double"
                                        }
                                    },
                                    {
                                        "source": {
                                            "path": "$['C2_Workplace closing']"
                                        },
                                        "sink": {
                                            "name": "C2_Workplace_closing",
                                            "type": "Double"
                                        }
                                    },
                                    {
                                        "source": {
                                            "path": "$['C2_Flag']"
                                        },
                                        "sink": {
                                            "name": "C2_Flag",
                                            "type": "Double"
                                        }
                                    },
                                    {
                                        "source": {
                                            "path": "$['C3_Cancel public events']"
                                        },
                                        "sink": {
                                            "name": "C3_Cancel_public_events",
                                            "type": "Double"
                                        }
                                    },
                                    {
                                        "source": {
                                            "path": "$['C3_Flag']"
                                        },
                                        "sink": {
                                            "name": "C3_Flag",
                                            "type": "Double"
                                        }
                                    },
                                    {
                                        "source": {
                                            "path": "$['C4_Restrictions on gatherings']"
                                        },
                                        "sink": {
                                            "name": "C4_Restrictions_on_gatherings",
                                            "type": "Double"
                                        }
                                    },
                                    {
                                        "source": {
                                            "path": "$['C4_Flag']"
                                        },
                                        "sink": {
                                            "name": "C4_Flag",
                                            "type": "Double"
                                        }
                                    },
                                    {
                                        "source": {
                                            "path": "$['C5_Close public transport']"
                                        },
                                        "sink": {
                                            "name": "C5_Close_public_transport",
                                            "type": "Double"
                                        }
                                    },
                                    {
                                        "source": {
                                            "path": "$['C5_Flag']"
                                        },
                                        "sink": {
                                            "name": "C5_Flag",
                                            "type": "Double"
                                        }
                                    },
                                    {
                                        "source": {
                                            "path": "$['C6_Stay at home requirements']"
                                        },
                                        "sink": {
                                            "name": "C6_Stay_at_home_requirements",
                                            "type": "Double"
                                        }
                                    },
                                    {
                                        "source": {
                                            "path": "$['C6_Flag']"
                                        },
                                        "sink": {
                                            "name": "C6_Flag",
                                            "type": "Double"
                                        }
                                    },
                                    {
                                        "source": {
                                            "path": "$['C7_Restrictions on internal movement']"
                                        },
                                        "sink": {
                                            "name": "C7_Restrictions_on_internal_movement",
                                            "type": "Double"
                                        }
                                    },
                                    {
                                        "source": {
                                            "path": "$['C7_Flag']"
                                        },
                                        "sink": {
                                            "name": "C7_Flag",
                                            "type": "Double"
                                        }
                                    },
                                    {
                                        "source": {
                                            "path": "$['C8_International travel controls']"
                                        },
                                        "sink": {
                                            "name": "C8_International_travel_controls",
                                            "type": "Double"
                                        }
                                    },
                                    {
                                        "source": {
                                            "path": "$['E1_Income support']"
                                        },
                                        "sink": {
                                            "name": "E1_Income_support",
                                            "type": "Double"
                                        }
                                    },
                                    {
                                        "source": {
                                            "path": "$['E1_Flag']"
                                        },
                                        "sink": {
                                            "name": "E1_Flag",
                                            "type": "Double"
                                        }
                                    },
                                    {
                                        "source": {
                                            "path": "$['E2_Debt contract relief']"
                                        },
                                        "sink": {
                                            "name": "E2_Debt_contract_relief",
                                            "type": "Double"
                                        }
                                    },
                                    {
                                        "source": {
                                            "path": "$['E3_Fiscal measures']"
                                        },
                                        "sink": {
                                            "name": "E3_Fiscal_measures",
                                            "type": "Double"
                                        }
                                    },
                                    {
                                        "source": {
                                            "path": "$['E4_International support']"
                                        },
                                        "sink": {
                                            "name": "E4_International_support",
                                            "type": "Double"
                                        }
                                    },
                                    {
                                        "source": {
                                            "path": "$['H1_Public information campaigns']"
                                        },
                                        "sink": {
                                            "name": "H1_Public_information_campaigns",
                                            "type": "Double"
                                        }
                                    },
                                    {
                                        "source": {
                                            "path": "$['H1_Flag']"
                                        },
                                        "sink": {
                                            "name": "H1_Flag",
                                            "type": "Double"
                                        }
                                    },
                                    {
                                        "source": {
                                            "path": "$['H2_Testing policy']"
                                        },
                                        "sink": {
                                            "name": "H2_Testing_policy",
                                            "type": "Double"
                                        }
                                    },
                                    {
                                        "source": {
                                            "path": "$['H3_Contact tracing']"
                                        },
                                        "sink": {
                                            "name": "H3_Contact_tracing",
                                            "type": "Double"
                                        }
                                    },
                                    {
                                        "source": {
                                            "path": "$['H4_Emergency investment in healthcare']"
                                        },
                                        "sink": {
                                            "name": "H4_Emergency_investment_in_healthcare",
                                            "type": "Double"
                                        }
                                    },
                                    {
                                        "source": {
                                            "path": "$['H5_Investment in vaccines']"
                                        },
                                        "sink": {
                                            "name": "H5_Investment_in_vaccines",
                                            "type": "Double"
                                        }
                                    },
                                    {
                                        "source": {
                                            "path": "$['H6_Facial Coverings']"
                                        },
                                        "sink": {
                                            "name": "H6_Facial_Coverings",
                                            "type": "Double"
                                        }
                                    },
                                    {
                                        "source": {
                                            "path": "$['H6_Flag']"
                                        },
                                        "sink": {
                                            "name": "H6_Flag",
                                            "type": "Double"
                                        }
                                    },
                                    {
                                        "source": {
                                            "path": "$['H7_Vaccination policy']"
                                        },
                                        "sink": {
                                            "name": "H7_Vaccination_policy",
                                            "type": "Double"
                                        }
                                    },
                                    {
                                        "source": {
                                            "path": "$['H7_Flag']"
                                        },
                                        "sink": {
                                            "name": "H7_Flag",
                                            "type": "Double"
                                        }
                                    },
                                    {
                                        "source": {
                                            "path": "$['H8_Protection of elderly people']"
                                        },
                                        "sink": {
                                            "name": "H8_Protection_of_elderly_people"
                                        }
                                    },
                                    {
                                        "source": {
                                            "path": "$['H8_Flag']"
                                        },
                                        "sink": {
                                            "name": "H8_Flag",
                                            "type": "Double"
                                        }
                                    },
                                    {
                                        "source": {
                                            "path": "$['M1_Wildcard']"
                                        },
                                        "sink": {
                                            "name": "M1_Wildcard",
                                            "type": "Double"
                                        }
                                    },
                                    {
                                        "source": {
                                            "path": "$['StringencyIndex']"
                                        },
                                        "sink": {
                                            "name": "StringencyIndex",
                                            "type": "String"
                                        }
                                    },
                                    {
                                        "source": {
                                            "path": "$['StringencyIndexForDisplay']"
                                        },
                                        "sink": {
                                            "name": "StringencyIndexForDisplay",
                                            "type": "String"
                                        }
                                    },
                                    {
                                        "source": {
                                            "path": "$['StringencyLegacyIndex']"
                                        },
                                        "sink": {
                                            "name": "StringencyLegacyIndex",
                                            "type": "String"
                                        }
                                    },
                                    {
                                        "source": {
                                            "path": "$['StringencyLegacyIndexForDisplay']"
                                        },
                                        "sink": {
                                            "name": "StringencyLegacyIndexForDisplay",
                                            "type": "String"
                                        }
                                    },
                                    {
                                        "source": {
                                            "path": "$['GovernmentResponseIndex']"
                                        },
                                        "sink": {
                                            "name": "GovernmentResponseIndex",
                                            "type": "Double"
                                        }
                                    },
                                    {
                                        "source": {
                                            "path": "$['GovernmentResponseIndexForDisplay']"
                                        },
                                        "sink": {
                                            "name": "GovernmentResponseIndexForDisplay",
                                            "type": "Double"
                                        }
                                    },
                                    {
                                        "source": {
                                            "path": "$['ContainmentHealthIndex']"
                                        },
                                        "sink": {
                                            "name": "ContainmentHealthIndex",
                                            "type": "Double"
                                        }
                                    },
                                    {
                                        "source": {
                                            "path": "$['ContainmentHealthIndexForDisplay']"
                                        },
                                        "sink": {
                                            "name": "ContainmentHealthIndexForDisplay",
                                            "type": "Double"
                                        }
                                    },
                                    {
                                        "source": {
                                            "path": "$['EconomicSupportIndex']"
                                        },
                                        "sink": {
                                            "name": "EconomicSupportIndex",
                                            "type": "Double"
                                        }
                                    },
                                    {
                                        "source": {
                                            "path": "$['EconomicSupportIndexForDisplay']"
                                        },
                                        "sink": {
                                            "name": "EconomicSupportIndexForDisplay",
                                            "type": "Double"
                                        }
                                    },
                                    {
                                        "source": {
                                            "path": "$['id']"
                                        },
                                        "sink": {
                                            "name": "id",
                                            "type": "String"
                                        }
                                    }
                                ]
                            }
                        },
                        "inputs": [
                            {
                                "referenceName": "CosmosDbNoSqlContainer1",
                                "type": "DatasetReference",
                                "parameters": {}
                            }
                        ],
                        "outputs": [
                            {
                                "referenceName": "cosmosdb",
                                "type": "DatasetReference",
                                "parameters": {}
                            }
                        ]
                    }
                ],
                "policy": {
                    "elapsedTimeMetric": {}
                },
                "annotations": [],
                "lastPublishTime": "2024-04-08T20:15:52Z"
            },
            "dependsOn": []
        },
        {
            "name": "[concat(parameters('factoryName'), '/Challenge2_Policy')]",
            "type": "Microsoft.DataFactory/factories/pipelines",
            "apiVersion": "2018-06-01",
            "properties": {
                "activities": [
                    {
                        "name": "Data flow1",
                        "type": "ExecuteDataFlow",
                        "dependsOn": [],
                        "policy": {
                            "timeout": "0.12:00:00",
                            "retry": 0,
                            "retryIntervalInSeconds": 30,
                            "secureOutput": false,
                            "secureInput": false
                        },
                        "userProperties": [],
                        "typeProperties": {
                            "dataflow": {
                                "referenceName": "Challenge2_Policy",
                                "type": "DataFlowReference",
                                "parameters": {},
                                "datasetParameters": {
                                    "source1": {},
                                    "sink1": {}
                                }
                            },
                            "staging": {},
                            "compute": {
                                "coreCount": 8,
                                "computeType": "General"
                            },
                            "traceLevel": "Fine"
                        }
                    }
                ],
                "policy": {
                    "elapsedTimeMetric": {}
                },
                "annotations": [],
                "lastPublishTime": "2024-04-08T20:45:08Z"
            },
            "dependsOn": [
                "[concat(variables('factoryId'), '/dataflows/Challenge2_Policy')]"
            ]
        },
        {
            "name": "[concat(parameters('factoryName'), '/Challenge2_Geography')]",
            "type": "Microsoft.DataFactory/factories/pipelines",
            "apiVersion": "2018-06-01",
            "properties": {
                "activities": [
                    {
                        "name": "Data flow1",
                        "type": "ExecuteDataFlow",
                        "dependsOn": [],
                        "policy": {
                            "timeout": "0.12:00:00",
                            "retry": 0,
                            "retryIntervalInSeconds": 30,
                            "secureOutput": false,
                            "secureInput": false
                        },
                        "userProperties": [],
                        "typeProperties": {
                            "dataflow": {
                                "referenceName": "Challenge2_Country",
                                "type": "DataFlowReference",
                                "parameters": {},
                                "datasetParameters": {
                                    "source1": {},
                                    "sink1": {}
                                }
                            },
                            "staging": {},
                            "compute": {
                                "coreCount": 8,
                                "computeType": "General"
                            },
                            "traceLevel": "Fine"
                        }
                    }
                ],
                "policy": {
                    "elapsedTimeMetric": {}
                },
                "annotations": [],
                "lastPublishTime": "2024-04-08T20:45:08Z"
            },
            "dependsOn": [
                "[concat(variables('factoryId'), '/dataflows/Challenge2_Country')]"
            ]
        }
    ]
}