{
    "$schema": "https://schema.management.azure.com/schemas/2015-01-01/deploymentParameters.json#",
    "contentVersion": "1.0.0.0",
    "parameters": {
        "factoryName": {
            "value": "bu310challenge1df"
        },
        "AzureDataLakeStorage1_accountKey": {
            "value": ""
        },
        "CosmosDbNoSql1_connectionString": {
            "value": ""
        },
        "SqlServer1_connectionString": {
            "value": ""
        },
        "AzureSqlDatabase1_connectionString": {
            "value": ""
        },
        "AzureSqlDatabase2_connectionString": {
            "value": ""
        },
        "AzureSqlDatabase3_connectionString": {
            "value": ""
        },
        "GitHub1_credential": {
            "value": ""
        },
        "AzureDataLakeStorage2_accountKey": {
            "value": ""
        },
        "ODSlake_accountKey": {
            "value": ""
        },
        "AzureDataLakeStorage3_accountKey": {
            "value": ""
        },
        "AzureDataLakeStorage1_properties_typeProperties_url": {
            "value": "https://team21sa.dfs.core.windows.net/"
        },
        "GitHub1_properties_typeProperties_username": {
            "value": "igutkind02"
        },
        "AzureDataLakeStorage2_properties_typeProperties_url": {
            "value": "https://team21sa.dfs.core.windows.net/"
        },
        "ODSlake_properties_typeProperties_url": {
            "value": "https://team21sa.dfs.core.windows.net/"
        },
        "AzureDataLakeStorage3_properties_typeProperties_url": {
            "value": "https://team21sa.dfs.core.windows.net/"
        }
    }
}